subject,n_test,accuracy,balanced_acc,macro_f1,n_ref,eval
S10,326,0.9447852760736196,0.9333333333333333,0.9417857142857142,10,fixed
S11,317,0.8738170347003155,0.845321200033242,0.8601799576570219,10,fixed
S13,317,0.8990536277602523,0.9170984455958548,0.8976594027441485,10,fixed
S14,317,0.61198738170347,0.6780104712041884,0.5985482625482625,10,fixed
S15,318,0.8553459119496856,0.8789473684210527,0.8549787841535472,10,fixed
S16,315,0.8158730158730159,0.8473684210526315,0.8157820440429135,10,fixed
S17,326,0.8006134969325154,0.7690323831685089,0.7785025139285229,10,fixed
S2,295,0.6169491525423729,0.5,0.38155136268343814,10,fixed
S3,301,0.7475083056478405,0.6779661016949152,0.676527149321267,10,fixed
S4,304,1.0,1.0,1.0,10,fixed
S5,314,0.678343949044586,0.5756302521008403,0.5285355374849481,10,fixed
S6,312,0.9519230769230769,0.9380165289256198,0.9480686647654768,10,fixed
S7,311,0.9871382636655949,0.9830508474576272,0.9862511052166225,10,fixed
S8,312,0.8301282051282052,0.839824982841455,0.8274318274318275,10,fixed
S9,311,1.0,1.0,1.0,10,fixed
S10,416,0.9567307692307693,0.9333333333333333,0.948768472906404,10,per_n
S11,407,0.9017199017199017,0.8478365248827883,0.8746998337540792,10,per_n
S13,407,0.8869778869778869,0.9187279151943463,0.8775379382522239,10,per_n
S14,407,0.6977886977886978,0.7811387900355872,0.6959088838268792,10,per_n
S15,408,0.8872549019607843,0.9178571428571429,0.8790939778905867,10,per_n
S16,405,0.8567901234567902,0.8964285714285714,0.848075231541367,10,per_n
S17,416,0.84375,0.7765783577171477,0.8008939156302695,10,per_n
S2,385,0.7064935064935065,0.5,0.4140030441400304,10,per_n
S3,391,0.8056265984654731,0.6779661016949152,0.7014067524115756,10,per_n
S4,394,1.0,1.0,1.0,10,per_n
S5,404,0.75,0.5756302521008403,0.5561260565448671,10,per_n
S6,402,0.9626865671641791,0.9380165289256198,0.9539620855251605,10,per_n
S7,401,0.9900249376558603,0.9830508474576272,0.987870538415003,10,per_n
S8,402,0.8109452736318408,0.8320375957298678,0.7968184720153224,10,per_n
S9,401,1.0,1.0,1.0,10,per_n
S10,326,0.9662576687116564,0.9592592592592593,0.9647695678230029,15,fixed
S11,317,0.8391167192429022,0.7976190476190477,0.8142428733928511,15,fixed
S13,317,0.9337539432176656,0.9455958549222798,0.9321994194632581,15,fixed
S14,317,0.804416403785489,0.8174395412615307,0.8022736418511066,15,fixed
S15,318,0.9213836477987422,0.9252878289473685,0.9193081818458634,15,fixed
S16,315,0.8253968253968254,0.8552631578947368,0.825220680958386,15,fixed
S17,326,0.696319018404908,0.6333333333333333,0.6076157128788708,15,fixed
S2,295,0.6169491525423729,0.5,0.38155136268343814,15,fixed
S3,301,0.7375415282392026,0.6652542372881356,0.6596435983682817,15,fixed
S4,304,1.0,1.0,1.0,15,fixed
S5,314,0.7165605095541401,0.6260504201680672,0.6084404029647896,15,fixed
S6,312,0.9391025641025641,0.921487603305785,0.9337083300716817,15,fixed
S7,311,0.9839228295819936,0.978813559322034,0.982783627284906,15,fixed
S8,312,0.9134615384615384,0.8911290322580645,0.9054152678441103,15,fixed
S9,311,1.0,1.0,1.0,15,fixed
S10,411,0.9732360097323601,0.9592592592592593,0.9689953846259352,15,per_n
S11,402,0.8731343283582089,0.7976190476190477,0.8308457711442787,15,per_n
S13,402,0.917910447761194,0.9406474820143884,0.9097323816198635,15,per_n
S14,402,0.8432835820895522,0.8535196687370601,0.8287800425920292,15,per_n
S15,403,0.9379652605459057,0.9399289772727273,0.9299924259795849,15,per_n
S16,400,0.8625,0.9,0.8542805100182149,15,per_n
S17,411,0.7591240875912408,0.6333333333333333,0.6344894494300266,15,per_n
S2,380,0.7026315789473684,0.5,0.4126738794435858,15,per_n
S3,386,0.7953367875647669,0.6652542372881356,0.6841800010356791,15,per_n
S4,389,1.0,1.0,1.0,15,per_n
S5,399,0.7769423558897243,0.6260504201680672,0.6327752556850498,15,per_n
S6,397,0.9521410579345088,0.921487603305785,0.940761625030432,15,per_n
S7,396,0.9873737373737373,0.978813559322034,0.9847211611917495,15,per_n
S8,397,0.9319899244332494,0.8911290322580645,0.9153538177252375,15,per_n
S9,396,1.0,1.0,1.0,15,per_n
S10,326,0.9539877300613497,0.954217568353694,0.9527385543216678,20,fixed
S11,317,0.8738170347003155,0.8426202941909748,0.8589230084557187,20,fixed
S13,317,0.9463722397476341,0.9530753802440247,0.9446447464382197,20,fixed
S14,317,0.9495268138801262,0.9581151832460733,0.9482913302340755,20,fixed
S15,318,0.9213836477987422,0.9342105263157895,0.9203047466292416,20,fixed
S16,315,0.7904761904761904,0.8263157894736842,0.7904740788518907,20,fixed
S17,326,0.9141104294478528,0.8962962962962964,0.9080024188671639,20,fixed
S2,295,0.6101694915254238,0.4945054945054945,0.37894736842105264,20,fixed
S3,301,0.7009966777408638,0.6186440677966102,0.5930966113914924,20,fixed
S4,304,1.0,1.0,1.0,20,fixed
S5,314,0.7643312101910829,0.6890756302521008,0.6946488645920943,20,fixed
S6,312,0.8525641025641025,0.822032798234607,0.8356841912438175,20,fixed
S7,311,0.9710610932475884,0.961864406779661,0.9687838063904534,20,fixed
S8,312,0.9358974358974359,0.9193548387096775,0.9308878256246678,20,fixed
S9,311,1.0,1.0,1.0,20,fixed
S10,406,0.9630541871921182,0.9611726117261172,0.9586128157556728,20,per_n
S11,397,0.8992443324937027,0.8433930767879108,0.8720592974540766,20,per_n
S13,397,0.9546599496221663,0.9626314545669384,0.9487315617287493,20,per_n
S14,397,0.9596977329974811,0.9704797047970479,0.9549401282560581,20,per_n
S15,398,0.9371859296482412,0.9537037037037037,0.9312441695746813,20,per_n
S16,395,0.8329113924050633,0.8777777777777778,0.8259493670886076,20,per_n
S17,406,0.9310344827586207,0.8962962962962964,0.9175873568218066,20,per_n
S2,375,0.6933333333333334,0.4961832061068702,0.4094488188976378,20,per_n
S3,381,0.7637795275590551,0.6186440677966102,0.6187288738658602,20,per_n
S4,384,1.0,1.0,1.0,20,per_n
S5,394,0.8121827411167513,0.6890756302521008,0.7150953721075672,20,per_n
S6,392,0.8826530612244898,0.8282150590100943,0.851299643752474,20,per_n
S7,391,0.9769820971867008,0.961864406779661,0.9720681033456364,20,per_n
S8,392,0.9489795918367347,0.9193548387096775,0.9381547393664016,20,per_n
S9,391,1.0,1.0,1.0,20,per_n
S10,326,0.8343558282208589,0.8510374248594144,0.8339558573853989,25,fixed
S11,317,0.7949526813880127,0.7474653037480263,0.7593014426727411,25,fixed
S13,317,0.8990536277602523,0.9142152766170817,0.8973362480770788,25,fixed
S14,317,0.9463722397476341,0.9433433059087509,0.94394224667908,25,fixed
S15,318,0.9119496855345912,0.9263157894736842,0.9109314980793854,25,fixed
S16,315,0.8158730158730159,0.8473684210526315,0.8157820440429135,25,fixed
S17,326,0.8650306748466258,0.837037037037037,0.8510116747683742,25,fixed
S2,295,0.6135593220338983,0.49725274725274726,0.3802521008403361,25,fixed
S3,301,0.7109634551495017,0.6313559322033898,0.6120272012089426,25,fixed
S4,304,1.0,1.0,1.0,25,fixed
S5,314,0.6910828025477707,0.592436974789916,0.556439046412396,25,fixed
S6,312,0.8814102564102564,0.8501362987322054,0.8669049403355047,25,fixed
S7,311,0.9646302250803859,0.9533898305084746,0.9617016512734398,25,fixed
S8,312,0.9455128205128205,0.9314516129032258,0.9415749644757279,25,fixed
S9,311,0.9967845659163987,0.9957983193277311,0.9965915940599486,25,fixed
S10,401,0.8653366583541147,0.8857282094124199,0.8580251770259638,25,per_n
S11,392,0.8341836734693877,0.7504177109440268,0.7781550650820599,25,per_n
S13,392,0.8801020408163265,0.9079802599903708,0.8715766434551069,25,per_n
S14,392,0.9566326530612245,0.9492481203007519,0.9501879910003512,25,per_n
S15,393,0.9287531806615776,0.9471698113207547,0.9228157791369733,25,per_n
S16,390,0.8512820512820513,0.8905660377358491,0.8444034778780541,25,per_n
S17,401,0.8902743142144638,0.837037037037037,0.8644604228121928,25,per_n
S2,370,0.6918918918918919,0.4980544747081712,0.40894568690095845,25,per_n
S3,376,0.7686170212765957,0.6313559322033898,0.6359143877925807,25,per_n
S4,379,1.0,1.0,1.0,25,per_n
S5,389,0.7506426735218509,0.592436974789916,0.5798902212276072,25,per_n
S6,387,0.9043927648578811,0.8516125023302057,0.8787398907566584,25,per_n
S7,386,0.9715025906735751,0.9533898305084746,0.9655007109486086,25,per_n
S8,387,0.9560723514211886,0.9314516129032258,0.9475496878811795,25,per_n
S9,386,0.9974093264248705,0.9957983193277311,0.9969557159193975,25,per_n
S10,326,0.8128834355828221,0.8337987201861548,0.8127971231419507,30,fixed
S11,317,0.8485804416403786,0.8189769799717443,0.8322159491884262,30,fixed
S13,317,0.9022082018927445,0.9153643657028248,0.9002871551348006,30,fixed
S14,317,0.9116719242902208,0.8983420593368238,0.9058229352346999,30,fixed
S15,318,0.8930817610062893,0.9105263157894736,0.892246362367949,30,fixed
S16,315,0.8920634920634921,0.9105263157894736,0.891007897093544,30,fixed
S17,326,0.9447852760736196,0.9333333333333333,0.9417857142857142,30,fixed
S2,295,0.6135593220338983,0.49725274725274726,0.3802521008403361,30,fixed
S3,301,0.7009966777408638,0.6186440677966102,0.5930966113914924,30,fixed
S4,304,1.0,1.0,1.0,30,fixed
S5,314,0.8089171974522293,0.7478991596638656,0.7647940074906368,30,fixed
S6,312,0.9294871794871795,0.9090909090909092,0.9227722772277227,30,fixed
S7,311,0.9646302250803859,0.9533898305084746,0.9617016512734398,30,fixed
S8,312,0.9935897435897436,0.9919354838709677,0.9932894567040909,30,fixed
S9,311,0.9903536977491961,0.9873949579831933,0.9897410522843477,30,fixed
S10,396,0.8434343434343434,0.8704980842911878,0.8374470338983051,30,per_n
S11,387,0.875968992248062,0.8238916256157636,0.8467427892548347,30,per_n
S13,387,0.9147286821705426,0.9308690052741322,0.906933867735471,30,per_n
S14,387,0.9276485788113695,0.9032567049808429,0.9150570676031606,30,per_n
S15,388,0.9123711340206185,0.9346153846153846,0.9063998864765148,30,per_n
S16,385,0.9116883116883117,0.9346153846153846,0.9051614212021097,30,per_n
S17,396,0.9545454545454546,0.9333333333333333,0.9476190476190476,30,per_n
S2,365,0.6876712328767123,0.498015873015873,0.4074675324675325,30,per_n
S3,371,0.7574123989218329,0.6186440677966102,0.6162774662131103,30,per_n
S4,374,1.0,1.0,1.0,30,per_n
S5,384,0.84375,0.7478991596638656,0.7806132165301847,30,per_n
S6,382,0.9424083769633508,0.9090909090909092,0.9297794117647059,30,per_n
S7,381,0.9711286089238845,0.9533898305084746,0.9653134698944754,30,per_n
S8,382,0.9947643979057592,0.9919354838709677,0.9940044574190916,30,per_n
S9,381,0.9921259842519685,0.9873949579831933,0.990770721466349,30,per_n
S10,326,0.941717791411043,0.9437463641652124,0.9403706377858003,40,fixed
S11,317,0.9022082018927445,0.8877877503531953,0.8955563349594533,40,fixed
S13,317,0.9148264984227129,0.9084280461307037,0.9101935890037249,40,fixed
S14,317,0.7602523659305994,0.7078658688606333,0.7144144144144144,40,fixed
S15,318,0.839622641509434,0.8657894736842106,0.8394305119649912,40,fixed
S16,315,0.9492063492063492,0.9578947368421052,0.9479467900520533,40,fixed
S17,326,0.8558282208588958,0.825925925925926,0.8398402793021627,40,fixed
S2,295,0.6745762711864407,0.5752212389380531,0.5264214046822743,40,fixed
S3,301,0.717607973421927,0.6398305084745762,0.6243080130981924,40,fixed
S4,304,0.9671052631578947,0.9732620320855615,0.9657719329850477,40,fixed
S5,314,0.856687898089172,0.8109243697478992,0.8316955511881365,40,fixed
S6,312,0.9871794871794872,0.9834710743801653,0.9864152915052031,40,fixed
S7,311,0.9614147909967846,0.9491525423728814,0.9581389088298635,40,fixed
S8,312,0.9903846153846154,0.9879032258064516,0.9899197673792473,40,fixed
S9,311,0.9807073954983923,0.9747899159663865,0.9793766578249337,40,fixed
S10,386,0.9507772020725389,0.9518813634351484,0.9465120519272143,40,per_n
S11,377,0.9177718832891246,0.892793903750079,0.9046184984779113,40,per_n
S13,377,0.9257294429708223,0.913824429427515,0.9155303757761988,40,per_n
S14,377,0.7984084880636605,0.7122462530829065,0.7326241134751773,40,per_n
S15,378,0.8650793650793651,0.898,0.8601452376979608,40,per_n
S16,375,0.9573333333333334,0.968,0.9533958864102405,40,per_n
S17,386,0.8782383419689119,0.825925925925926,0.8518137338985681,40,per_n
S2,355,0.7295774647887324,0.5752212389380531,0.5480106100795756,40,per_n
S3,361,0.7645429362880887,0.6398305084745762,0.6441122232402778,40,per_n
S4,364,0.9725274725274725,0.9797570850202428,0.9691776182089147,40,per_n
S5,374,0.8796791443850267,0.8109243697478992,0.8428791485786304,40,per_n
S6,372,0.989247311827957,0.9834710743801653,0.9876440694855018,40,per_n
S7,371,0.9649595687331537,0.9471762577879012,0.9585385772619814,40,per_n
S8,372,0.9919354838709677,0.9879032258064516,0.99087153899636,40,per_n
S9,371,0.9838274932614556,0.9747899159663865,0.9811866125760649,40,per_n
S10,326,0.9601226993865031,0.9529377545084352,0.9583640346999125,50,fixed
S11,317,0.9085173501577287,0.8903224466051691,0.9012492883460625,50,fixed
S13,317,0.917981072555205,0.90813555072706,0.9128384094754654,50,fixed
S14,317,0.6750788643533123,0.5993725587966425,0.5712447310020616,50,fixed
S15,318,0.8176100628930818,0.8473684210526315,0.8175812003006686,50,fixed
S16,315,0.9619047619047619,0.968421052631579,0.9607948888151344,50,fixed
S17,326,0.911042944785276,0.8925925925925926,0.9045542195434675,50,fixed
S2,295,0.6677966101694915,0.5663716814159292,0.5111268939393939,50,fixed
S3,301,0.6877076411960132,0.6016949152542372,0.566840171463564,50,fixed
S4,304,0.9868421052631579,0.9893048128342246,0.9861912332500568,50,fixed
S5,314,0.9808917197452229,0.9747899159663865,0.9794932079414838,50,fixed
S6,312,0.9775641025641025,0.9786465319544806,0.9764794572182435,50,fixed
S7,311,0.9389067524115756,0.9376042855888294,0.9354468684794126,50,fixed
S8,312,1.0,1.0,1.0,50,fixed
S9,311,0.9967845659163987,0.9957983193277311,0.9965915940599486,50,fixed
S10,376,0.9654255319148937,0.953480866758875,0.9617188907249759,50,per_n
S11,367,0.9209809264305178,0.8924948956069287,0.9084023994560775,50,per_n
S13,367,0.9291553133514986,0.9129330943847073,0.9195175438596491,50,per_n
S14,367,0.7193460490463215,0.6026312322992821,0.5902463876513502,50,per_n
S15,368,0.842391304347826,0.8791666666666667,0.8389229329549914,50,per_n
S16,365,0.9671232876712329,0.975,0.9642787238207086,50,per_n
S17,376,0.9228723404255319,0.8925925925925926,0.9114582910410796,50,per_n
S2,345,0.7159420289855073,0.5663716814159292,0.5299988879003559,50,per_n
S3,351,0.7321937321937322,0.6016949152542372,0.5850855130784709,50,per_n
S4,354,0.9887005649717514,0.9915611814345991,0.9873413195065259,50,per_n
S5,364,0.9835164835164835,0.9747899159663865,0.9810205784204672,50,per_n
S6,362,0.9806629834254144,0.9813620932066802,0.9784073963614673,50,per_n
S7,361,0.9473684210526315,0.9434679500592871,0.9405823089650631,50,per_n
S8,362,1.0,1.0,1.0,50,per_n
S9,361,0.997229916897507,0.9957983193277311,0.9968593675235983,50,per_n
S10,326,0.9570552147239264,0.9503199534613147,0.9552197802197802,75,fixed
S11,317,0.861198738170347,0.8253968253968254,0.8425875767425063,75,fixed
S13,317,0.917981072555205,0.90813555072706,0.9128384094754654,75,fixed
S14,317,0.6908517350157729,0.6111111111111112,0.5797348484848485,75,fixed
S15,318,0.8490566037735849,0.8736842105263158,0.8487634749524413,75,fixed
S16,315,0.9396825396825397,0.95,0.9383682253962042,75,fixed
S17,326,0.9539877300613497,0.9520457630405275,0.9525367136769973,75,fixed
S2,295,0.7084745762711865,0.6194690265486725,0.5973015873015873,75,fixed
S3,301,0.6644518272425249,0.5720338983050848,0.5177888809580459,75,fixed
S4,304,0.9605263157894737,0.9679144385026738,0.9590351704622018,75,fixed
S5,314,0.9968152866242038,0.9957983193277311,0.9966115229801331,75,fixed
S6,312,0.9871794871794872,0.9864999350958419,0.9864999350958419,75,fixed
S7,311,0.9485530546623794,0.9585492227979275,0.9466323466323466,75,fixed
S8,312,0.9839743589743589,0.9798387096774194,0.9831502543663524,75,fixed
S9,311,0.977491961414791,0.9705882352941176,0.9758970781988685,75,fixed
S10,351,0.9601139601139601,0.950925925925926,0.9572398190045248,75,per_n
S11,342,0.8713450292397661,0.8253968253968254,0.8480122818358112,75,per_n
S13,342,0.9239766081871345,0.9108094110683634,0.9165540540540541,75,per_n
S14,342,0.7134502923976608,0.6111111111111112,0.5893653516295025,75,per_n
S15,343,0.8600583090379009,0.8883720930232558,0.8582254064480572,75,per_n
S16,340,0.9441176470588235,0.9558139534883721,0.9415696596387448,75,per_n
S17,351,0.9430199430199431,0.9425925925925926,0.9401391636537281,75,per_n
S2,320,0.73125,0.6194690265486725,0.6068571428571429,75,per_n
S3,326,0.6901840490797546,0.5720338983050848,0.5282470090980729,75,per_n
S4,329,0.9635258358662614,0.9716981132075472,0.9610466493014445,75,per_n
S5,339,0.9970501474926253,0.9957983193277311,0.9967565085105772,75,per_n
S6,337,0.9881305637982196,0.987105907560453,0.987105907560453,75,per_n
S7,336,0.9523809523809523,0.963302752293578,0.9492063492063492,75,per_n
S8,337,0.9851632047477745,0.9798387096774194,0.9839114701192556,75,per_n
S9,336,0.9791666666666666,0.9705882352941176,0.976911976911977,75,per_n
S10,326,0.9570552147239264,0.951405856117898,0.9553337247993736,100,fixed
S11,317,0.8675078864353313,0.8333333333333333,0.8504716981132076,100,fixed
S13,317,0.9305993690851735,0.9285893364532842,0.9273541666666667,100,fixed
S14,317,0.8170347003154574,0.7698412698412698,0.7846063730084348,100,fixed
S15,318,0.8867924528301887,0.9052631578947368,0.8860305829882128,100,fixed
S16,315,0.9428571428571428,0.9526315789473685,0.9415560319947225,100,fixed
S17,326,0.9693251533742331,0.962962962962963,0.9680141287284145,100,fixed
S2,295,0.7830508474576271,0.7168141592920354,0.7277027806622822,100,fixed
S3,301,0.7109634551495017,0.6313559322033898,0.6120272012089426,100,fixed
S4,304,0.9506578947368421,0.9598930481283423,0.9489881531697821,100,fixed
S5,314,1.0,1.0,1.0,100,fixed
S6,312,0.9262820512820513,0.9382761455583921,0.9244178085798849,100,fixed
S7,311,0.9967845659163987,0.9957627118644068,0.9965803507614492,100,fixed
S8,312,0.9903846153846154,0.9879032258064516,0.9899197673792473,100,fixed
S9,311,0.9839228295819936,0.9789915966386555,0.9828436510475854,100,fixed
S10,326,0.9570552147239264,0.951405856117898,0.9553337247993736,100,per_n
S11,317,0.8675078864353313,0.8333333333333333,0.8504716981132076,100,per_n
S13,317,0.9305993690851735,0.9285893364532842,0.9273541666666667,100,per_n
S14,317,0.8170347003154574,0.7698412698412698,0.7846063730084348,100,per_n
S15,318,0.8867924528301887,0.9052631578947368,0.8860305829882128,100,per_n
S16,315,0.9428571428571428,0.9526315789473685,0.9415560319947225,100,per_n
S17,326,0.9693251533742331,0.962962962962963,0.9680141287284145,100,per_n
S2,295,0.7830508474576271,0.7168141592920354,0.7277027806622822,100,per_n
S3,301,0.7109634551495017,0.6313559322033898,0.6120272012089426,100,per_n
S4,304,0.9506578947368421,0.9598930481283423,0.9489881531697821,100,per_n
S5,314,1.0,1.0,1.0,100,per_n
S6,312,0.9262820512820513,0.9382761455583921,0.9244178085798849,100,per_n
S7,311,0.9967845659163987,0.9957627118644068,0.9965803507614492,100,per_n
S8,312,0.9903846153846154,0.9879032258064516,0.9899197673792473,100,per_n
S9,311,0.9839228295819936,0.9789915966386555,0.9828436510475854,100,per_n
