subject,n_ref,centre_err_median,centre_err_p90,scale_err_median,scale_err_p90,centre_err_EDA,centre_err_HR,centre_err_IMU,centre_err_CROSS
S10,10,0.37497193742724394,0.8126923675101501,0.8598382749326144,1.0,0.44486679432704557,0.2609360443596129,0.3658108827050787,0.527453565058435
S10,15,0.18690821104559519,0.5244526483116098,0.7981488553943878,1.0,0.06717192292600074,0.29904130745375374,0.3071418600415076,0.0995324018064811
S10,20,0.11462138167872793,0.5235961172623592,0.5691767782858518,0.9853351553791303,0.054773606453940735,0.1329856410654679,0.15688401538731078,0.08024436322607958
S10,25,0.10459235703914341,0.4935874002581846,0.6336602035286877,0.981156648897794,0.034960665627038215,0.20611416295142093,0.12681020895723127,0.08725086418398859
S10,30,0.11165555842621204,0.5065694693529251,0.6722222222222223,0.9780546189162656,0.02112316721194586,0.2933535567538461,0.17275995258079485,0.20410740881950226
S10,40,0.11204194785901454,0.5103264370805646,0.6548846385469788,0.9514196914206047,0.050090986341221874,0.21958526965898684,0.21842457950747915,0.03426881027378111
S10,50,0.1444478087030784,0.5103264370805646,0.6148545776531167,0.9399496774088596,0.023727147933731915,0.2490614695257382,0.20849567970932475,0.11041197009121093
S10,75,0.08416736486039798,0.4310147368815335,0.566632554462569,0.9253754518712435,0.02097532625835928,0.18690821104559435,0.1194513746915681,0.0995324018064811
S10,100,0.06913544121178082,0.4012419348372752,0.4673567661107679,0.821106539192706,0.03658889502805342,0.15096027844532012,0.17396139508769004,0.06299945739106139
S11,10,0.34939759036144563,0.8422225712206242,0.662738736374321,0.9130958617077006,0.6131654216246393,0.22404911540644737,0.40052194861528856,0.21661753019719399
S11,15,0.24821207173989795,0.512,0.5626692613145476,0.8712592304702682,0.30992100989146765,0.23477733529160816,0.2796346677030702,0.20185023621599726
S11,20,0.25152409233687884,0.48795264465537475,0.4982907867894359,0.8545067475716023,0.24088066714847955,0.27123231236026074,0.21416855342312927,0.31292305492508615
S11,25,0.31959451330848443,0.6580000000000004,0.5162046996027748,0.8044093322177741,0.296824169770319,0.38779101378315206,0.2319598858841324,0.4327993920815198
S11,30,0.3437137247884088,0.706451612903226,0.56964738532963,0.7982323769747458,0.30551430017387166,0.36805411317995534,0.25924681369625774,0.4414002229509122
S11,40,0.28343380373775257,0.682347698012842,0.4846825430706004,0.819195250630343,0.2917122855839521,0.3092561256273709,0.2176480894212667,0.4977682220099898
S11,50,0.22497892021665455,0.5088748567708169,0.5,0.7643986890711572,0.20968718346277676,0.2370370520284921,0.1885098303936219,0.4977682220099898
S11,75,0.2259949359226595,0.5798989403618062,0.43055492808045986,0.6691665606980165,0.3227827269592609,0.34366171335047485,0.06654337635138005,0.6335282677054781
S11,100,0.09797867722801899,0.5076382660283894,0.49452570574677174,0.688454419586348,0.12460701869120731,0.34327767589738994,0.05177666077423252,0.47125495919207566
S13,10,0.5868494830805286,1.5818559272348003,0.6397058823529411,1.0,0.37066988760041114,0.43337382203712205,0.9675835572345727,0.3523901335915241
S13,15,0.3236617673743422,1.5809845097305577,0.5216646328638423,0.9899751854170504,0.16927988366767022,0.1812903060147243,0.9231304058701325,0.3523901335915241
S13,20,0.2864873475483624,1.5167217077313522,0.47635320549723625,0.7461041280728345,0.13161087161170232,0.1812903060147243,0.8188945175508464,0.3523901335915241
S13,25,0.29411764705882354,1.249246955777421,0.5996904966316163,0.9882907035368325,0.06697271340884405,0.17452430919192038,0.6345703901900982,0.3523901335915241
S13,30,0.17452430919192038,0.7631294529120682,0.5389656522441612,1.420204796096983,0.07385478268483135,0.17452430919192038,0.4390912172859409,0.20947854807469762
S13,40,0.16666666666666713,0.5356113819571212,0.4227909123143947,1.3697149202266548,0.07300653594771243,0.1714770259325212,0.33742547022039104,0.15119918060332657
S13,50,0.15243672964327312,0.43221280713088833,0.36736780938168817,1.0233575867642062,0.09768241721120172,0.11567532930495592,0.31235376712170304,0.03307409506336742
S13,75,0.14103828806917226,0.6002376493995527,0.5209779129010867,0.9999999999999998,0.07277651966817714,0.14103828806917226,0.3827474216412543,0.12828307131009783
S13,100,0.142231875473064,0.5197252695713931,0.43313519995382843,0.9291646676564349,0.11368562769573504,0.13757927426027433,0.2655320671841227,0.09986280780414872
S14,10,0.20916864157857468,0.5457189660117158,0.7155500893219238,0.9692060748240524,0.46507944680101654,0.3381776253282047,0.09247526553955168,0.8351871610626465
S14,15,0.25392238499958514,0.5266203147220424,0.6035384988179324,0.9536341611144761,0.35717689776339884,0.31973245341166406,0.18723367138994396,0.6849494852953752
S14,20,0.28939491838017073,0.5376351318501413,0.5293551863385851,0.9299567685754448,0.17436815282955956,0.3032978974128656,0.2812212541426909,0.47934358977204405
S14,25,0.2766600371644214,0.5487571939306635,0.5439355800160521,0.906027776576721,0.221187673402591,0.2586655862047812,0.3137303170303928,0.3927099617923373
S14,30,0.3089188787572718,0.5233179197709315,0.6961566938352641,1.9679785320125278,0.3333767587285045,0.22117488510650266,0.34081548390775296,0.5161434663241194
S14,40,0.26053608616015533,0.5155451357617151,0.5544797481706838,1.9132005082300159,0.5,0.20283026515765587,0.24854622975014493,0.5154368756901155
S14,50,0.18285684556497028,0.34542050410817193,0.4192965640651096,1.0694546466850694,0.23295950522261052,0.17890050431675372,0.16807287538294063,0.3366402263776078
S14,75,0.1660579649056259,0.4308534981755575,0.31791008773933777,0.664598864191407,0.23085594802163875,0.16536241235424287,0.11240643428856417,0.24886629911666203
S14,100,0.09883815682374092,0.44913848139991386,0.3192102905375551,0.6383624209775948,0.14255983834979646,0.2152158307239581,0.04698638472143381,0.10599958964467333
S15,10,0.22222222222222232,0.8787573597183785,0.7906114988160502,0.9823117349818271,0.07434407435294368,0.40629649950774954,0.4235919336705855,0.24658418036691848
S15,15,0.21221463846412206,0.7485598023490805,0.7121212121212122,0.9359394673674186,0.10112294370820411,0.21221463846412206,0.3294340714397891,0.2418329599843237
S15,20,0.1193241863955073,0.6228127525781002,0.3975243531933923,0.7206657349729337,0.06830739836151306,0.08130942278004517,0.4124907266051143,0.16304660377324615
S15,25,0.12499999999999999,0.4463014080426704,0.4845615849956148,0.7307766933824739,0.15134468101169068,0.04982921774047937,0.12101177112963069,0.13632907046170667
S15,30,0.2050920817137565,0.5554616113363361,0.5100314862556142,0.7972981859548252,0.35969718045332677,0.045047758697070873,0.16504604085687824,0.22333437487907284
S15,40,0.14613168789005596,0.4822557126512233,0.5602786723397155,0.8310338565216221,0.25422428523614066,0.08130942278004517,0.11988809986480323,0.20964308343912563
S15,50,0.12962962962962965,0.46192910290384265,0.6135123922678883,0.870298357138778,0.1910933006695149,0.08130942278004517,0.12310606060606058,0.21360755585062755
S15,75,0.13632758364357986,0.38228690966818013,0.5886460977627072,0.8413900068129202,0.17621759304588874,0.13632758364357886,0.12310606060606052,0.25380614544081387
S15,100,0.1509785902698663,0.325096221987962,0.4717290581108514,0.8075902527231398,0.1556936845469722,0.06409909076215345,0.16135381087534933,0.17615875947698262
S16,10,0.22363293557174116,0.7604478177196249,0.7512094608865333,0.9926529301134671,0.12356870229007633,0.18593921202320854,0.4966256703388042,0.14044809269717437
S16,15,0.22900763358778625,0.6978067392536843,0.7706958945263241,0.9541359179570897,0.1846977185320178,0.19150956298130284,0.5202492014143287,0.08473000221021346
S16,20,0.12670014947558586,0.5997491468487959,0.666733555688367,0.921404060079826,0.1921724455553621,0.09540688520943763,0.3326007211344092,0.0426055246479938
S16,25,0.15286962432872084,0.49807340832095454,0.6366287159556564,0.9300823083019549,0.19058059956655815,0.15286962432872084,0.1844856083280889,0.06386868389061869
S16,30,0.1478375396022669,0.4594879923121228,0.6454949476460572,1.0,0.1839460513955843,0.16710195030427866,0.12708038008427402,0.07155257503946011
S16,40,0.2158273381294964,0.4972886844327587,0.7447260225153579,1.0,0.1921724455553621,0.17791079159600873,0.29307592054310283,0.08470680795524005
S16,50,0.16674396765938768,0.6130542125252504,0.7490133644067765,1.0,0.19787580062358695,0.1632403499289076,0.19637825094746952,0.10507148776256489
S16,75,0.17896545400228347,0.5356500123505953,0.6305362331601653,1.0,0.19118651153140007,0.12096710781010807,0.2102848782141381,0.08648623946753885
S16,100,0.1941505375869631,0.5273399268109644,0.625602587558636,1.0,0.15370115272650434,0.12169960632889311,0.25784222941615687,0.09524382302408713
S17,10,0.5718546058837753,2.9627928709628124,0.8466206516537856,1.8615704818810672,1.9119892439295305,0.07929473382326985,0.7121872956064519,2.3743443923968557
S17,15,0.5580693305669383,2.2639071974540386,0.7208271979275228,1.623087941026323,1.4713884392109295,0.08115646488448319,0.7227259161992411,1.7014793070917347
S17,20,0.5253023713960571,1.7600161949727426,0.7221259691748193,0.9597186045993901,1.3149898556497117,0.19862147390842844,0.6766969490342736,1.4284391403994812
S17,25,0.5,1.4220975163209308,0.6682187182480777,0.908518683237738,1.0115840303962356,0.26496088079474184,0.626528231433137,0.7860824431679824
S17,30,0.48268254984098247,0.9079414047945396,0.5,0.8541402586676904,0.5333578929944773,0.36602724452418633,0.5334598984400429,0.7002752060842241
S17,40,0.27573218967642854,0.8275937704846512,0.32870994910766443,0.8224942881863542,0.22694269816019347,0.29132602924092166,0.2501081879710932,0.5205702379843212
S17,50,0.29721022923561125,0.7841841372555395,0.350611339065901,0.7550715736223739,0.5075757575757576,0.37854561282988025,0.27946583429352373,0.4821828624672837
S17,75,0.348474424972429,0.8902150928508892,0.43350782303554064,0.7938149359468736,0.49719117510000854,0.5208496747513955,0.31954961052951747,0.38488337108359794
S17,100,0.3247491237834477,0.8523345698846246,0.3520003389068889,0.7383407271228348,0.33712121212121215,0.5167307418565646,0.31649688066412124,0.2639836169796544
S2,10,1.265244242650927,5.121415679355408,0.4844724961264873,2.727133533382154,3.809655530579255,0.5178726293503857,1.6821514414053327,1.4128532228409332
S2,15,0.9637449954208501,2.857806332266471,0.5607851360541821,3.5528617322025435,2.5699175398425207,0.1852502744900497,1.009776428725486,1.4561404174218846
S2,20,0.5150465428274577,1.7498068475032609,0.5261386997514996,2.0520588123637804,1.1275957180416738,0.04180108061542128,0.6666146414527058,1.227985211141163
S2,25,0.5126915641210299,1.6654737877650514,0.5467419223633506,1.7124533438859255,0.8938960967271674,0.10017591783266296,0.6124633263351182,1.2163474050639642
S2,30,0.5821880109749642,1.7089560842306026,0.5430256169391088,1.0389409263077456,0.7839159820606605,0.06039029171065548,0.764945591322848,1.1461043780490396
S2,40,0.540666923955428,1.1329136956384978,0.5020607794190791,0.9496503496503497,0.6470086958078786,0.04916724193984021,0.7808955239722349,0.8104686350194981
S2,50,0.4576305793196992,0.8927090338723955,0.3655930777734824,0.9744020453988462,0.5137940835412687,0.18747958306636933,0.5521050669302721,0.5181335306782786
S2,75,0.37590038777837853,1.1892492461112059,0.4423260762433832,0.8282641841344393,0.24789682727377843,0.09748614472383976,0.9429974157083987,0.2783105749516559
S2,100,0.25052011897610765,0.8729188813274941,0.31569135874950643,0.7665648239060007,0.1355230899000409,0.14279442318683241,0.5431163248816936,0.1343780435329161
S3,10,0.37666134588992956,1.8289515993282226,0.6194947635656323,0.9177022910925647,1.5009810433726756,0.2635840585407228,0.23625317307219168,1.0247118791031542
S3,15,0.5,1.945788232930711,0.36748828931589816,0.8187327391177041,1.4603360829556287,0.3855371212061326,0.5103939755795125,0.956408055349571
S3,20,0.6435113744789067,1.9882625070151663,0.3206198263027568,0.7570486664882244,1.4258300400311845,0.29287268270422023,0.5751454688898429,1.010683483997328
S3,25,0.5217276083398815,1.7419672645768376,0.3591999131970367,0.783929255168236,1.3840104127903907,0.23065422324410442,0.5265603571637334,0.9976003473875021
S3,30,0.47626504260852526,1.700582861108902,0.2709876206364639,0.5805222721473344,1.3415880189513554,0.335509365323761,0.4210068097033122,1.074288459296549
S3,40,0.3,1.3574448148839926,0.20519387442029308,0.8121571267600916,1.1436607513832433,0.19484553676900782,0.2655130428209365,0.9825601083671752
S3,50,0.31111111111111106,1.1254312577382064,0.1971369860096679,0.6526678300597895,0.9666106364688891,0.1317249502440219,0.2214732437081205,0.8366240770767711
S3,75,0.24535694655740561,0.7877666217514133,0.2502821490172699,0.6465994671480979,0.6097676279938646,0.1814067183904568,0.2072686355311742,0.6355329671095169
S3,100,0.2653048535124058,0.5072397959019621,0.2827280818784842,0.6443913347062679,0.30260135649536635,0.16269254606410893,0.10807228837119648,0.5159253921031505
S4,10,0.3872340425531915,1.9444138621811224,0.7537543676351298,1.0,0.0028029977502553463,0.2382698255803087,1.4389875794584865,0.29578084395161935
S4,15,0.24911069897618254,1.3176881164040564,0.6612738395963019,1.0,0.0013996770441278936,0.24911069897618227,0.9760141684179489,0.19037339036873768
S4,20,0.04797308664861403,1.0534261456544571,0.8122523034255446,1.0,0.0007981901367180124,0.23045957821721053,0.3057781617885301,0.031301185113378614
S4,25,0.045740818178515476,0.8269693840071034,0.7779551039056873,1.0,0.0017382069799485088,0.12293393443156736,0.3057781617885301,0.03018505087832938
S4,30,0.037900605994067506,0.44432894458649114,0.7272305144473716,1.0,0.0018261067805898548,0.19118225879671658,0.21916310666065222,0.018761553013499483
S4,40,0.040157905948250354,0.40485971396891424,0.7765726128136377,1.0,0.0006351579833501812,0.19118225879671658,0.12268208699449475,0.023737703067916307
S4,50,0.07921920503089122,0.3760154738878145,0.8071065989847716,1.0,1.7512553262566707e-17,0.06947144317566838,0.15663875413494457,0.03620403212662502
S4,75,0.09450004177966947,0.3408494417216269,0.8361855313364955,1.0,0.0008337485082165519,0.08476296721441386,0.1650642593749943,0.04925906000718514
S4,100,0.12495660630862614,0.3149677678833309,0.7821022756712775,1.0,0.00273706978102841,0.14703544053737383,0.15368357773390165,0.06307051890823373
S5,10,0.7088013952668939,6.313659077558018,0.7160681889763447,0.9681055372292414,1.363391237385136,0.5563306522528454,2.7487194590056467,0.09383266368199739
S5,15,0.7301444655497918,5.631923482988832,0.6229283791154072,0.9219538700623404,1.1908544021992093,0.45164557895514096,2.5814268188603986,0.09524676894199027
S5,20,0.7333510492834515,5.215131995622534,0.7144001535080902,2.047708200657492,0.9716024249890272,0.39995298573414184,2.5232016212870705,0.12050056385248162
S5,25,0.6694160384823408,4.720153216004791,0.7297205624216396,2.845827842868389,0.8134846663318808,0.30811538476589084,2.006796659197907,0.14542998797311396
S5,30,0.5438667361689044,2.788409831364872,0.7187574525717771,3.254324217723282,0.5867405847622467,0.3089584139417607,1.4025444139203556,0.11440339010072119
S5,40,0.38925781162129747,1.4522483568063733,0.5496031746031746,3.4849754212944197,0.3360733617688467,0.27413996952764913,1.0356459749574856,0.05754013830111365
S5,50,0.3420416846740902,1.2871710971018673,0.48644194804529395,2.895479423367804,0.2884472511144132,0.19195744542796814,0.8127099957397163,0.0498751861250869
S5,75,0.19806835066864786,1.2552169234259325,0.46074546910547387,0.8372955798116092,0.0913426840830848,0.19192004369552979,0.6161331333617753,0.1285706898348538
S5,100,0.19734033634120954,1.0806011081321125,0.3480229072102261,0.9158282264034905,0.12189509895177233,0.19311851046905576,0.5305343511450382,0.24133135981888518
S6,10,0.47063444519152103,1.378461685504545,0.6931370160152096,0.9495313601127555,0.3819195477764745,0.444505905184108,1.0416766494776015,0.3608472377618144
S6,15,0.45486912071292995,1.2514164526635598,0.6230769230769231,0.9082943733372042,0.3917264957264957,0.39573075994543155,0.8260533340891516,0.41652620965904885
S6,20,0.39362157777048484,1.2492486777849627,0.6754691367183414,0.9482834169818373,0.3445135297103449,0.34565720874374617,0.5572307576263397,0.3646071027984859
S6,25,0.3706317107961227,1.1953485207275654,0.5733333333333334,0.9060700259417837,0.3237773938595998,0.4009451559503417,0.5659812890035529,0.35621918075709086
S6,30,0.33012069337615535,1.1209278501711537,0.5929982394393527,0.868974124333732,0.269,0.3583272524430788,0.537711322839419,0.37256641735372154
S6,40,0.22384468041210573,0.7396071714226036,0.5569413613489385,0.8874567376473174,0.19278375441522583,0.23609265081193948,0.3079272103909447,0.2799826654196578
S6,50,0.1364076936884519,0.3863877361875768,0.4970876763577454,0.8322764749399036,0.062495726495726565,0.11035203298687661,0.168141299395881,0.16140422602400223
S6,75,0.11142475435269789,0.5237209302325582,0.4637283385839079,0.7157127023328063,0.12541269961099347,0.10316910310833441,0.09384460155407595,0.11929742516783925
S6,100,0.10066406738453243,0.42359372749983565,0.40763759756139817,0.8573799894893784,0.1036505031664881,0.24180734897108844,0.057339384360103496,0.09089364985723107
S7,10,0.8530401434558179,1.455462879687316,0.6743201770854714,0.9013641890438573,1.0338719304013593,0.18489704781250585,0.9240734185596612,1.1161234175125128
S7,15,0.6695532307578339,1.158789231351211,0.6091580801652163,0.9055252474981762,0.7314464189630538,0.08972639317060574,0.745191460557733,0.8259470420025126
S7,20,0.5297702487875278,1.0417352419019847,0.39180522106857085,0.7946415151957038,0.528724217392671,0.09769734086592605,0.7223805601744651,0.6239928471544174
S7,25,0.5234921272221337,0.9532551554844211,0.342863922172163,0.8350113464267925,0.5875534780329664,0.21767850341211759,0.7044522836407713,0.5664101123267316
S7,30,0.4490188146950233,1.1833638897195706,0.35043970444231665,0.7764887579575172,0.69865916599825,0.33532413202251415,0.43790472874604,0.7344399670862397
S7,40,0.2633817948358427,1.056194374604933,0.3125414211345866,0.7067368222438913,0.5465709653398156,0.13999147311798568,0.20446570807922745,0.5781429676734153
S7,50,0.34146028422405017,0.8627857749550546,0.2667423865036827,0.729482578265253,0.46605874679354364,0.32797625390954005,0.25914425523160073,0.5812436888959126
S7,75,0.21509685037944742,0.6391848383922736,0.3082344582413158,0.6942735792169686,0.24588715002241704,0.09826379868676687,0.2163234357349703,0.3872517986867899
S7,100,0.18389823983361467,0.4709417940107037,0.34670774275430016,0.5998688929260708,0.18059165862049603,0.12236268027679213,0.26693421719265875,0.10798211884682882
S8,10,0.5421686746987951,1.9156823822172424,0.8563570512749233,1.0,0.04446473776949994,1.0739304642215997,0.5192431455095187,1.900776436819429
S8,15,0.5062055921807189,1.7258659785938328,0.43055592308785845,1.0,0.030509315158355213,0.8579270816910086,0.4953595191690408,1.4453546516988403
S8,20,0.397712343331988,1.356227061708553,0.36217948717948706,1.0,0.198856171665994,0.4463129684209611,0.2365277941645305,1.008104444699935
S8,25,0.418735576221248,1.258864057271414,0.5089814215185336,1.0,0.009665500060880254,0.6656875771575556,0.35044176795533066,1.4157390332431214
S8,30,0.36746987951807225,0.8923379832838554,0.45165321491897886,1.0,0.001235043530520556,0.6186489863130848,0.2674272386977561,1.414593258729815
S8,40,0.31205268225191946,0.9111830951158695,0.6102934852511384,1.0,0.004946729907233798,0.4340342891063395,0.2985208778149334,0.8115747374137823
S8,50,0.22353016912366536,1.051699271927604,0.6554627849435516,1.0,0.013875825063823958,0.18775793718195974,0.3056931928749499,0.7046255078080664
S8,75,0.11231655970240748,0.5637791487900153,0.525041046688855,1.0,0.028537268418837244,0.08330177726623533,0.17619121463842197,0.4529218562455796
S8,100,0.058177656051997054,0.39884980766948824,0.3799751436757892,1.0,0.02208569008111727,0.17671221672103887,0.0426188058331466,0.3417940851079818
S9,10,0.272945607292277,1.172742167342814,0.6294119313480747,1.0,0.028051821108092023,0.43813935275494015,0.6155198158044505,0.8064137791258235
S9,15,0.2527131484377468,0.9452612654413031,0.44680230731398096,1.0,0.02529251091257995,0.6916620086828458,0.29396906112949456,0.5346888890174057
S9,20,0.18513383691271718,0.8736428204529985,0.44705776377145034,1.0,0.022485416086064594,0.7543182354801202,0.18154422168096257,0.41417228615540425
S9,25,0.19067842056944706,0.7374830068835064,0.6559080297771815,1.0,0.01881131535486095,0.575515211113765,0.19745749046030364,0.316703583363253
S9,30,0.2051792809820098,0.6674666593802018,0.6159688390974734,1.0,0.014369476688762964,0.39448108502663776,0.20986320121759017,0.29837011236313915
S9,40,0.09778127657534283,0.6318391814761466,0.6542841033229865,1.0,0.002715116082499261,0.5860120818358241,0.08695652173913042,0.24695384131382359
S9,50,0.0924139240374002,0.3859671604682346,0.7003004852480295,1.0,0.004758659873929011,0.2867473217892998,0.09455763392708552,0.19297374236672982
S9,75,0.11094063545063954,0.39687006267932556,0.5367826947672658,1.0,0.025412359515914588,0.3560044790317683,0.11212115135803534,0.22063611724896262
S9,100,0.1555064366869539,0.3710189350406735,0.49061367936387146,1.0,0.012702963508081023,0.3418782222611543,0.17245975696402518,0.20932438744522883
